age,age_group,personal_status,employment,savings,duration,amount,predicted_label,true_label
28,Under 30,male single,4<=X<7,<100,8,12411,0,0
44,40-49,male single,unemployed,>=1000,14,10641,0,0
39,30-39,female single,1<=X<4,<100,30,890,0,0
42,40-49,male single,>=7,no known savings,25,14949,0,0
62,50+,female div/dep/mar,4<=X<7,no known savings,14,9222,0,0
54,50+,male mar/wid,unemployed,no known savings,14,2098,0,0
28,Under 30,male single,>=7,<100,20,1014,1,1
61,50+,male mar/wid,>=7,<100,35,14828,1,1
53,50+,male mar/wid,1<=X<4,500<=X<1000,21,9661,1,1
41,40-49,female single,>=7,>=1000,58,14994,1,1
65,50+,male div/sep,<1,no known savings,28,5538,0,0
54,50+,female div/dep/mar,1<=X<4,<100,23,2288,0,0
59,50+,female single,<1,no known savings,20,5632,0,0
36,30-39,male mar/wid,4<=X<7,500<=X<1000,55,6738,1,1
44,40-49,male single,>=7,<100,47,10428,0,0
60,50+,male mar/wid,4<=X<7,<100,36,11398,0,0
69,50+,male single,<1,no known savings,18,1941,0,0
19,Under 30,male single,>=7,<100,10,13527,1,1
35,30-39,female single,1<=X<4,100<=X<500,30,13574,0,0
50,50+,male mar/wid,<1,no known savings,25,10501,0,0
19,Under 30,male mar/wid,unemployed,500<=X<1000,37,10036,0,0
70,50+,male single,4<=X<7,<100,54,4211,0,0
47,40-49,male mar/wid,1<=X<4,no known savings,9,9808,0,0
27,Under 30,male mar/wid,1<=X<4,100<=X<500,22,4582,1,1
50,50+,female single,4<=X<7,500<=X<1000,9,8483,1,1
22,Under 30,male single,unemployed,500<=X<1000,54,1407,0,0
63,50+,female div/dep/mar,>=7,500<=X<1000,69,13531,0,0
58,50+,female div/dep/mar,>=7,500<=X<1000,48,12089,1,1
52,50+,female div/dep/mar,4<=X<7,<100,50,4574,0,0
41,40-49,male div/sep,4<=X<7,no known savings,61,10630,0,0
35,30-39,male single,unemployed,100<=X<500,6,3981,0,0
29,Under 30,male single,1<=X<4,<100,55,6681,0,0
68,50+,male mar/wid,1<=X<4,no known savings,61,14092,0,0
25,Under 30,male single,1<=X<4,<100,49,3780,0,0
18,Under 30,male single,<1,no known savings,29,12543,0,0
48,40-49,male mar/wid,1<=X<4,500<=X<1000,62,2247,0,0
43,40-49,female single,1<=X<4,<100,33,14898,0,0
52,50+,male div/sep,1<=X<4,<100,42,6811,0,0
34,30-39,male single,>=7,no known savings,57,1423,0,0
46,40-49,male mar/wid,4<=X<7,<100,33,1145,0,0
44,40-49,female single,1<=X<4,500<=X<1000,51,4271,1,1
37,30-39,male single,>=7,100<=X<500,28,8035,1,1
57,50+,male mar/wid,4<=X<7,>=1000,50,5031,1,1
64,50+,male single,4<=X<7,>=1000,13,8178,1,1
68,50+,male mar/wid,4<=X<7,>=1000,48,9354,1,0
45,40-49,male mar/wid,>=7,<100,54,14034,0,0
60,50+,female div/dep/mar,4<=X<7,>=1000,44,14965,1,1
63,50+,male single,1<=X<4,<100,13,1492,1,1
29,Under 30,male div/sep,>=7,<100,46,3772,1,1
31,30-39,male div/sep,>=7,100<=X<500,27,1677,1,1
22,Under 30,male mar/wid,>=7,500<=X<1000,55,13444,1,1
41,40-49,male single,unemployed,100<=X<500,33,9796,0,0
48,40-49,female single,1<=X<4,100<=X<500,36,14944,0,0
71,50+,male mar/wid,4<=X<7,<100,17,13585,1,1
49,40-49,female div/dep/mar,<1,<100,71,10712,0,0
34,30-39,male single,4<=X<7,500<=X<1000,19,12323,1,1
42,40-49,male single,4<=X<7,500<=X<1000,46,3553,1,1
25,Under 30,male single,1<=X<4,no known savings,49,3431,0,0
66,50+,male mar/wid,>=7,100<=X<500,51,7619,1,1
62,50+,female single,<1,<100,60,9062,0,0
60,50+,female single,4<=X<7,>=1000,60,3080,1,1
39,30-39,male single,>=7,500<=X<1000,50,10861,1,1
20,Under 30,male div/sep,<1,<100,22,2821,0,0
60,50+,male mar/wid,>=7,>=1000,35,11534,1,1
48,40-49,male single,4<=X<7,<100,49,6840,0,0
64,50+,male single,>=7,100<=X<500,71,14733,0,0
55,50+,male mar/wid,1<=X<4,<100,49,11184,0,0
50,50+,female div/dep/mar,4<=X<7,500<=X<1000,66,2631,1,1
61,50+,female single,4<=X<7,100<=X<500,30,13304,0,0
30,30-39,male single,1<=X<4,>=1000,54,5376,1,1
66,50+,male single,>=7,<100,40,2097,0,0
69,50+,male single,>=7,<100,40,14747,0,0
50,50+,male single,4<=X<7,100<=X<500,56,5016,0,1
67,50+,male div/sep,>=7,<100,54,9251,0,0
67,50+,male single,1<=X<4,>=1000,7,6300,1,1
46,40-49,male single,<1,<100,47,13984,0,0
27,Under 30,male single,4<=X<7,500<=X<1000,27,4651,1,1
28,Under 30,male mar/wid,<1,no known savings,59,4685,0,0
65,50+,female div/dep/mar,4<=X<7,<100,50,14082,0,0
19,Under 30,female div/dep/mar,unemployed,>=1000,67,5308,0,0
30,30-39,male single,>=7,500<=X<1000,69,1967,1,1
32,30-39,female div/dep/mar,>=7,<100,18,6922,1,1
63,50+,male mar/wid,>=7,>=1000,23,13292,1,1
59,50+,female div/dep/mar,>=7,<100,10,3040,1,1
67,50+,male single,>=7,100<=X<500,31,10504,1,1
26,Under 30,female single,1<=X<4,<100,40,7078,1,1
69,50+,male single,<1,500<=X<1000,32,11669,0,0
61,50+,female single,1<=X<4,100<=X<500,12,7605,1,1
36,30-39,female single,<1,no known savings,12,4805,0,0
53,50+,male mar/wid,1<=X<4,100<=X<500,14,5262,1,1
55,50+,male single,1<=X<4,<100,25,5364,0,0
25,Under 30,male single,<1,500<=X<1000,16,10055,0,0
45,40-49,male single,1<=X<4,<100,16,4810,1,1
53,50+,female single,>=7,<100,65,5785,0,0
35,30-39,male mar/wid,1<=X<4,<100,57,13925,0,0
51,50+,female single,<1,no known savings,22,5786,0,0
65,50+,male mar/wid,>=7,<100,50,11023,0,0
69,50+,male div/sep,<1,500<=X<1000,57,11624,0,0
35,30-39,male mar/wid,<1,<100,58,14050,0,1
74,50+,female single,1<=X<4,<100,52,10128,0,1
34,30-39,male single,>=7,<100,17,14228,1,1
64,50+,female single,>=7,no known savings,25,7396,1,1
25,Under 30,male single,1<=X<4,<100,31,11285,0,0
36,30-39,female div/dep/mar,<1,no known savings,35,9595,0,0
51,50+,male single,4<=X<7,100<=X<500,65,7393,0,0
29,Under 30,female single,1<=X<4,100<=X<500,49,12822,0,0
67,50+,male mar/wid,4<=X<7,no known savings,19,8070,0,0
61,50+,female single,>=7,no known savings,15,7213,1,1
40,40-49,male mar/wid,unemployed,<100,57,12061,0,0
72,50+,male single,>=7,500<=X<1000,14,8363,1,1
43,40-49,male mar/wid,<1,<100,62,8382,0,0
54,50+,male single,1<=X<4,500<=X<1000,12,14640,1,1
25,Under 30,female single,<1,<100,69,14001,0,0
18,Under 30,female div/dep/mar,>=7,500<=X<1000,13,6500,1,1
70,50+,male single,4<=X<7,no known savings,34,13876,0,0
56,50+,female single,4<=X<7,500<=X<1000,60,6762,1,1
60,50+,male single,1<=X<4,<100,17,5410,0,0
61,50+,male mar/wid,1<=X<4,>=1000,54,10180,0,0
27,Under 30,female div/dep/mar,<1,100<=X<500,51,13034,0,0
20,Under 30,female div/dep/mar,>=7,<100,65,6909,1,1
40,40-49,male div/sep,1<=X<4,500<=X<1000,24,6207,1,1
42,40-49,male mar/wid,1<=X<4,no known savings,57,7346,0,0
50,50+,male single,<1,100<=X<500,52,14129,0,0
55,50+,male single,>=7,no known savings,31,2519,1,1
44,40-49,female single,<1,500<=X<1000,52,1233,0,1
25,Under 30,female div/dep/mar,4<=X<7,500<=X<1000,12,699,1,1
40,40-49,female div/dep/mar,>=7,100<=X<500,28,13972,1,1
57,50+,female div/dep/mar,>=7,100<=X<500,10,10669,1,1
43,40-49,male mar/wid,>=7,<100,11,4908,1,1
70,50+,male single,1<=X<4,no known savings,30,9984,0,0
68,50+,male single,>=7,500<=X<1000,60,14613,1,1
24,Under 30,female div/dep/mar,4<=X<7,500<=X<1000,37,7049,1,1
68,50+,male single,>=7,100<=X<500,70,1822,1,1
40,40-49,male single,>=7,100<=X<500,65,10499,0,1
69,50+,female single,>=7,<100,12,14909,1,1
58,50+,female div/dep/mar,>=7,<100,11,12109,1,1
54,50+,male div/sep,>=7,no known savings,40,3099,1,1
19,Under 30,male single,>=7,500<=X<1000,19,9228,1,1
21,Under 30,male div/sep,unemployed,>=1000,53,7512,0,0
59,50+,female div/dep/mar,>=7,100<=X<500,20,10496,1,1
18,Under 30,male single,<1,<100,65,2716,0,0
39,30-39,female div/dep/mar,4<=X<7,100<=X<500,69,9640,0,0
34,30-39,male mar/wid,1<=X<4,<100,42,4846,0,0
22,Under 30,male div/sep,<1,no known savings,9,2342,0,0
40,40-49,female div/dep/mar,1<=X<4,100<=X<500,18,11344,0,0
43,40-49,female single,1<=X<4,<100,45,11763,0,0
54,50+,male single,<1,<100,39,11703,0,0
22,Under 30,male div/sep,4<=X<7,no known savings,53,13794,0,0
63,50+,male single,>=7,<100,65,2137,0,0
69,50+,female div/dep/mar,1<=X<4,<100,61,5724,0,0
55,50+,female div/dep/mar,4<=X<7,500<=X<1000,48,9705,0,0
26,Under 30,female single,1<=X<4,<100,53,7658,0,0
31,30-39,male mar/wid,4<=X<7,100<=X<500,50,14567,0,0
49,40-49,male mar/wid,1<=X<4,500<=X<1000,57,11081,0,0
68,50+,male single,>=7,<100,37,7361,1,1
59,50+,male single,1<=X<4,>=1000,68,11060,0,0
65,50+,male mar/wid,1<=X<4,100<=X<500,70,3095,0,0
19,Under 30,female div/dep/mar,4<=X<7,>=1000,47,13195,1,1
21,Under 30,female div/dep/mar,4<=X<7,<100,53,6844,0,0
20,Under 30,female single,1<=X<4,100<=X<500,61,6150,0,0
61,50+,male mar/wid,<1,100<=X<500,16,12646,0,0
59,50+,female div/dep/mar,<1,<100,48,12027,0,0
54,50+,male single,>=7,>=1000,67,13841,1,1
66,50+,male single,4<=X<7,<100,7,3345,1,1
40,40-49,female single,<1,500<=X<1000,32,12063,0,0
44,40-49,male single,1<=X<4,no known savings,6,9140,0,0
24,Under 30,male single,>=7,no known savings,44,10318,0,1
19,Under 30,male single,1<=X<4,>=1000,65,10716,0,0
21,Under 30,male single,<1,<100,56,2713,0,0
27,Under 30,male mar/wid,>=7,>=1000,24,3430,1,1
41,40-49,male mar/wid,1<=X<4,100<=X<500,6,9835,1,1
68,50+,male single,<1,<100,61,13556,0,0
69,50+,female single,<1,500<=X<1000,51,2839,0,0
45,40-49,female div/dep/mar,unemployed,<100,6,13436,0,0
33,30-39,male single,<1,100<=X<500,67,5878,0,0
30,30-39,female div/dep/mar,4<=X<7,no known savings,22,2148,1,1
69,50+,male single,1<=X<4,500<=X<1000,14,14814,1,1
36,30-39,male single,1<=X<4,100<=X<500,48,3210,0,0
36,30-39,male single,>=7,no known savings,44,13610,0,0
61,50+,male single,1<=X<4,>=1000,14,8955,1,1
43,40-49,male div/sep,<1,100<=X<500,16,3969,0,0
57,50+,male div/sep,4<=X<7,>=1000,16,8921,1,1
38,30-39,male single,>=7,no known savings,31,3181,1,1
64,50+,female single,4<=X<7,<100,14,9855,0,0
39,30-39,male mar/wid,>=7,<100,14,11966,1,1
57,50+,male single,1<=X<4,>=1000,13,9343,1,1
32,30-39,male single,unemployed,<100,59,7745,0,0
25,Under 30,male mar/wid,1<=X<4,<100,20,1215,1,1
72,50+,female single,<1,500<=X<1000,39,11825,0,0
26,Under 30,male single,>=7,100<=X<500,6,2458,1,1
73,50+,female div/dep/mar,<1,>=1000,23,11516,0,1
55,50+,female single,1<=X<4,100<=X<500,19,624,0,1
63,50+,male single,4<=X<7,500<=X<1000,32,11018,1,1
68,50+,male single,unemployed,no known savings,12,4487,0,0
24,Under 30,female single,1<=X<4,no known savings,57,3747,0,0
20,Under 30,female div/dep/mar,<1,500<=X<1000,21,4118,0,0
62,50+,male single,unemployed,<100,47,3854,0,0
66,50+,female div/dep/mar,1<=X<4,100<=X<500,37,1493,1,1
66,50+,male mar/wid,>=7,<100,7,5463,1,1
25,Under 30,male single,<1,no known savings,7,13865,0,0
40,40-49,male single,unemployed,no known savings,11,9077,0,0
64,50+,male single,1<=X<4,<100,16,7201,0,0
39,30-39,male single,<1,100<=X<500,24,10462,0,0
74,50+,male single,>=7,no known savings,52,4098,0,0
37,30-39,male div/sep,<1,<100,55,9608,0,0
20,Under 30,female div/dep/mar,<1,500<=X<1000,19,2262,0,0
39,30-39,female div/dep/mar,4<=X<7,<100,8,10975,0,0
66,50+,female single,1<=X<4,100<=X<500,9,10924,0,0
65,50+,male mar/wid,1<=X<4,<100,38,6912,0,0
55,50+,male mar/wid,<1,100<=X<500,45,5810,0,0
55,50+,male single,4<=X<7,100<=X<500,42,13034,1,1
36,30-39,female single,<1,100<=X<500,31,14421,0,0
72,50+,female div/dep/mar,<1,<100,17,2828,0,0
46,40-49,male single,>=7,500<=X<1000,57,9949,1,1
34,30-39,male div/sep,>=7,<100,48,14820,0,0
29,Under 30,male single,unemployed,no known savings,32,11163,0,0
29,Under 30,male div/sep,1<=X<4,<100,6,6793,0,0
31,30-39,female div/dep/mar,4<=X<7,100<=X<500,25,3280,1,1
65,50+,male single,1<=X<4,<100,23,12407,0,0
59,50+,female div/dep/mar,4<=X<7,500<=X<1000,11,1667,1,1
63,50+,male mar/wid,4<=X<7,<100,61,11113,0,0
35,30-39,male mar/wid,1<=X<4,100<=X<500,10,3754,1,1
40,40-49,male single,1<=X<4,>=1000,53,10831,0,0
61,50+,male div/sep,<1,no known savings,63,2761,0,0
48,40-49,male mar/wid,4<=X<7,no known savings,13,8561,1,1
30,30-39,female single,<1,<100,70,14400,0,0
18,Under 30,male single,<1,500<=X<1000,40,5849,0,0
71,50+,male single,>=7,100<=X<500,9,3269,1,1
36,30-39,male div/sep,<1,500<=X<1000,14,13468,0,1
74,50+,male single,unemployed,no known savings,52,5136,0,0
43,40-49,male mar/wid,1<=X<4,500<=X<1000,28,12168,1,1
41,40-49,female div/dep/mar,4<=X<7,<100,16,13279,0,0
73,50+,female single,1<=X<4,100<=X<500,35,8576,0,0
21,Under 30,male single,>=7,no known savings,54,1003,1,1
46,40-49,male single,4<=X<7,500<=X<1000,25,14222,1,1
51,50+,male single,1<=X<4,500<=X<1000,24,4851,1,1
73,50+,female single,<1,<100,13,7264,0,0
74,50+,male single,1<=X<4,100<=X<500,42,6876,0,0
33,30-39,male mar/wid,unemployed,100<=X<500,60,1778,0,0
22,Under 30,male single,<1,<100,14,1464,0,1
34,30-39,male div/sep,>=7,no known savings,30,892,1,1
33,30-39,female single,1<=X<4,100<=X<500,46,11050,0,0
42,40-49,male div/sep,4<=X<7,<100,9,1137,1,1
48,40-49,male single,>=7,100<=X<500,28,13994,1,1
38,30-39,male mar/wid,4<=X<7,100<=X<500,30,1959,1,1
22,Under 30,male div/sep,<1,no known savings,20,8610,0,0
31,30-39,male mar/wid,>=7,>=1000,44,12746,1,1
47,40-49,male single,>=7,>=1000,26,12435,1,1
43,40-49,female div/dep/mar,1<=X<4,no known savings,28,5558,0,0
41,40-49,female div/dep/mar,<1,100<=X<500,53,8127,0,0
53,50+,female single,<1,500<=X<1000,43,5211,0,0
52,50+,female div/dep/mar,4<=X<7,500<=X<1000,17,6045,1,1
68,50+,male single,>=7,100<=X<500,10,3204,1,1
38,30-39,male single,<1,<100,71,5694,0,0
22,Under 30,female div/dep/mar,4<=X<7,no known savings,52,1308,0,0
45,40-49,male mar/wid,unemployed,no known savings,51,13332,0,0
35,30-39,female div/dep/mar,>=7,>=1000,39,6167,1,1
32,30-39,male single,1<=X<4,100<=X<500,11,10084,1,1
52,50+,female single,1<=X<4,<100,51,13010,0,0
34,30-39,female single,4<=X<7,100<=X<500,28,10144,1,1
18,Under 30,male single,1<=X<4,100<=X<500,28,1286,0,0
74,50+,male div/sep,1<=X<4,100<=X<500,9,1100,1,1
72,50+,male mar/wid,1<=X<4,<100,7,6470,1,1
48,40-49,male mar/wid,>=7,>=1000,46,12313,1,1
57,50+,male mar/wid,1<=X<4,100<=X<500,31,2846,0,0
61,50+,male single,1<=X<4,<100,58,3737,0,0
31,30-39,male single,1<=X<4,no known savings,34,10300,0,0
29,Under 30,male single,>=7,100<=X<500,30,1595,1,1
22,Under 30,male mar/wid,>=7,100<=X<500,7,8539,1,1
27,Under 30,male single,1<=X<4,100<=X<500,40,6632,0,0
55,50+,female div/dep/mar,>=7,100<=X<500,17,9775,1,1
34,30-39,male mar/wid,4<=X<7,500<=X<1000,57,2420,1,1
66,50+,male div/sep,4<=X<7,<100,68,13960,0,0
59,50+,female div/dep/mar,<1,no known savings,29,12721,0,0
46,40-49,male single,>=7,500<=X<1000,17,8951,1,1
65,50+,male single,4<=X<7,no known savings,29,1349,1,1
38,30-39,male single,unemployed,no known savings,26,12253,0,0
64,50+,male single,4<=X<7,>=1000,46,9025,1,1
71,50+,female single,<1,<100,61,1646,0,0
62,50+,female div/dep/mar,4<=X<7,100<=X<500,7,13959,1,1
19,Under 30,female single,<1,<100,33,1315,0,0
32,30-39,male single,>=7,100<=X<500,57,13591,1,1
39,30-39,male mar/wid,>=7,100<=X<500,70,2037,1,1
29,Under 30,male single,>=7,100<=X<500,31,5027,1,1
43,40-49,female div/dep/mar,unemployed,no known savings,18,4802,0,0
74,50+,male mar/wid,4<=X<7,100<=X<500,46,854,1,1
22,Under 30,female single,1<=X<4,>=1000,22,8560,1,1
46,40-49,male single,4<=X<7,no known savings,15,8059,0,0
18,Under 30,male mar/wid,>=7,<100,18,12369,1,1
49,40-49,male single,4<=X<7,>=1000,28,14315,1,1
28,Under 30,female div/dep/mar,1<=X<4,<100,27,7884,0,0
51,50+,male single,>=7,>=1000,14,1850,1,1
34,30-39,female div/dep/mar,>=7,500<=X<1000,61,2628,1,1
44,40-49,male mar/wid,1<=X<4,100<=X<500,62,1235,0,0
32,30-39,male single,4<=X<7,100<=X<500,23,14476,1,1
30,30-39,male single,4<=X<7,100<=X<500,40,10723,1,1
31,30-39,male single,4<=X<7,<100,59,2383,0,0
59,50+,female single,1<=X<4,500<=X<1000,41,9063,0,1
71,50+,female single,<1,<100,10,13337,0,0
60,50+,female div/dep/mar,unemployed,no known savings,46,10235,0,0
61,50+,male div/sep,4<=X<7,<100,65,3631,0,0
70,50+,female div/dep/mar,4<=X<7,500<=X<1000,15,5897,1,1
35,30-39,male single,>=7,500<=X<1000,19,4761,1,1
50,50+,male div/sep,>=7,500<=X<1000,42,13113,1,1
54,50+,male single,>=7,100<=X<500,56,7871,1,1
71,50+,female div/dep/mar,1<=X<4,100<=X<500,7,4176,1,1
46,40-49,male mar/wid,1<=X<4,>=1000,52,5841,1,1
48,40-49,male mar/wid,unemployed,100<=X<500,25,14767,0,0
35,30-39,male single,4<=X<7,<100,25,979,0,0
69,50+,female div/dep/mar,1<=X<4,<100,47,8443,0,0
27,Under 30,male mar/wid,<1,100<=X<500,14,13414,0,0
49,40-49,male mar/wid,>=7,500<=X<1000,46,10865,1,1
34,30-39,male mar/wid,unemployed,<100,52,2020,0,0
18,Under 30,female div/dep/mar,1<=X<4,no known savings,57,13299,0,0
22,Under 30,female div/dep/mar,4<=X<7,<100,71,8141,0,0
20,Under 30,male div/sep,>=7,100<=X<500,15,6820,1,1
46,40-49,male single,>=7,>=1000,44,1193,1,1
62,50+,female single,unemployed,no known savings,45,8712,0,0
55,50+,female single,<1,100<=X<500,17,12330,0,0
47,40-49,male mar/wid,<1,>=1000,34,983,1,1
58,50+,male single,1<=X<4,500<=X<1000,62,8192,0,0
25,Under 30,male mar/wid,4<=X<7,no known savings,36,5881,0,0
67,50+,male div/sep,1<=X<4,100<=X<500,25,12937,0,0
52,50+,male single,>=7,500<=X<1000,16,5317,1,1
20,Under 30,female single,<1,<100,41,9363,0,0
26,Under 30,male single,>=7,<100,27,8305,0,0
18,Under 30,male single,4<=X<7,500<=X<1000,51,13915,1,1
50,50+,male mar/wid,4<=X<7,500<=X<1000,66,4057,1,1
21,Under 30,male single,1<=X<4,100<=X<500,25,7153,0,1
47,40-49,male mar/wid,>=7,>=1000,44,14721,1,1
48,40-49,male mar/wid,4<=X<7,<100,26,882,1,1
32,30-39,female div/dep/mar,<1,500<=X<1000,61,5734,0,0
55,50+,female div/dep/mar,>=7,<100,44,12827,0,0
23,Under 30,male div/sep,1<=X<4,100<=X<500,35,7528,0,0
59,50+,male single,4<=X<7,<100,16,5726,1,1
52,50+,female single,unemployed,100<=X<500,34,3883,0,0
51,50+,male single,4<=X<7,no known savings,17,1028,1,1
44,40-49,male single,<1,100<=X<500,57,8195,0,0
59,50+,male single,1<=X<4,100<=X<500,24,708,1,1
30,30-39,male single,>=7,<100,38,9929,0,0
58,50+,female div/dep/mar,1<=X<4,100<=X<500,30,10255,0,0
39,30-39,male mar/wid,1<=X<4,no known savings,22,5537,0,0
57,50+,female div/dep/mar,4<=X<7,100<=X<500,37,8624,0,0
46,40-49,female div/dep/mar,1<=X<4,<100,39,6786,0,1
54,50+,male single,1<=X<4,no known savings,6,10092,0,0
60,50+,male mar/wid,1<=X<4,no known savings,66,7561,0,0
62,50+,female single,>=7,no known savings,67,10541,0,0
29,Under 30,female div/dep/mar,<1,100<=X<500,42,3464,0,0
58,50+,male single,1<=X<4,500<=X<1000,70,14528,0,0
22,Under 30,female div/dep/mar,1<=X<4,100<=X<500,7,6423,1,1
22,Under 30,female single,>=7,100<=X<500,21,14471,1,1
67,50+,male single,unemployed,100<=X<500,60,13528,0,0
43,40-49,male single,4<=X<7,<100,48,569,0,0
43,40-49,male single,<1,no known savings,54,6246,0,0
27,Under 30,female div/dep/mar,<1,500<=X<1000,23,7028,1,1
66,50+,male single,>=7,<100,38,7940,1,0
20,Under 30,female single,>=7,<100,20,1545,1,1
74,50+,male mar/wid,unemployed,100<=X<500,70,7114,0,0
24,Under 30,male mar/wid,>=7,<100,63,13305,0,0
23,Under 30,female single,<1,no known savings,31,5446,0,0
72,50+,female single,unemployed,<100,41,7249,0,0
19,Under 30,male single,4<=X<7,<100,7,8091,1,1
72,50+,male single,1<=X<4,no known savings,52,5473,0,0
32,30-39,female div/dep/mar,4<=X<7,<100,29,8638,0,0
49,40-49,male mar/wid,4<=X<7,100<=X<500,62,1476,1,1
19,Under 30,female div/dep/mar,unemployed,100<=X<500,69,1458,0,0
48,40-49,female single,1<=X<4,<100,41,3251,0,1
60,50+,male mar/wid,4<=X<7,<100,27,784,1,1
18,Under 30,female single,4<=X<7,<100,15,11939,0,0
28,Under 30,male single,>=7,100<=X<500,46,10182,1,1
35,30-39,male single,<1,>=1000,46,930,0,0
56,50+,male single,>=7,>=1000,64,5023,1,1
72,50+,female div/dep/mar,4<=X<7,100<=X<500,18,14435,1,1
18,Under 30,male single,1<=X<4,<100,41,13119,0,0
42,40-49,male single,<1,no known savings,69,9135,0,0
51,50+,female div/dep/mar,<1,500<=X<1000,46,10604,0,0
20,Under 30,male single,>=7,100<=X<500,40,9928,1,1
56,50+,female div/dep/mar,unemployed,no known savings,67,13230,0,0
58,50+,female div/dep/mar,>=7,no known savings,26,6146,1,1
64,50+,male single,1<=X<4,<100,8,1714,1,1
48,40-49,female single,4<=X<7,no known savings,55,977,0,0
72,50+,female div/dep/mar,1<=X<4,100<=X<500,23,13292,0,0
67,50+,female single,4<=X<7,no known savings,7,10164,1,1
74,50+,male single,unemployed,>=1000,65,8388,0,0
51,50+,male single,1<=X<4,<100,65,2065,0,0
36,30-39,male single,<1,100<=X<500,15,4744,0,0
69,50+,male single,4<=X<7,100<=X<500,47,5199,0,0
65,50+,female div/dep/mar,unemployed,>=1000,15,1159,1,1
47,40-49,male mar/wid,>=7,100<=X<500,11,13030,1,1
45,40-49,male single,1<=X<4,<100,49,10630,0,0
59,50+,male div/sep,<1,>=1000,51,11888,0,0
52,50+,male mar/wid,<1,500<=X<1000,10,1867,1,1
53,50+,female single,<1,>=1000,61,2814,0,1
25,Under 30,male single,>=7,>=1000,14,6029,1,1
18,Under 30,male single,1<=X<4,500<=X<1000,34,7492,1,1
52,50+,male single,>=7,<100,25,4891,1,1
29,Under 30,male single,<1,<100,57,12079,0,0
47,40-49,male single,<1,>=1000,64,1421,0,0
26,Under 30,male single,4<=X<7,no known savings,39,1056,0,0
36,30-39,male single,>=7,100<=X<500,62,11865,0,0
46,40-49,male mar/wid,<1,no known savings,46,12802,0,0
23,Under 30,female single,1<=X<4,<100,51,12032,0,0
58,50+,male div/sep,>=7,>=1000,68,9028,1,1
41,40-49,male mar/wid,4<=X<7,500<=X<1000,63,4038,1,1
60,50+,male single,>=7,>=1000,56,4253,1,1
64,50+,male single,4<=X<7,100<=X<500,55,5006,1,1
39,30-39,male mar/wid,unemployed,<100,19,3649,0,0
49,40-49,female div/dep/mar,4<=X<7,100<=X<500,41,11061,0,0
21,Under 30,female div/dep/mar,<1,<100,70,10106,0,0
25,Under 30,male single,<1,<100,13,10356,0,0
31,30-39,male single,>=7,500<=X<1000,34,1096,1,1
30,30-39,female single,4<=X<7,no known savings,27,12755,0,0
48,40-49,male div/sep,4<=X<7,500<=X<1000,17,8555,1,1
56,50+,male single,>=7,<100,63,9256,0,0
36,30-39,male single,>=7,100<=X<500,12,9244,1,1
42,40-49,female single,>=7,500<=X<1000,35,3354,1,1
45,40-49,male single,4<=X<7,>=1000,23,4331,1,1
30,30-39,male div/sep,>=7,>=1000,58,1464,1,1
61,50+,male single,1<=X<4,<100,37,11240,0,0
41,40-49,male mar/wid,>=7,100<=X<500,27,2867,1,1
57,50+,male mar/wid,>=7,100<=X<500,46,2063,1,1
63,50+,male single,unemployed,<100,19,2009,0,0
32,30-39,male div/sep,1<=X<4,<100,17,4457,0,0
38,30-39,male single,4<=X<7,no known savings,60,14554,0,1
71,50+,male single,>=7,100<=X<500,28,1252,1,1
41,40-49,male single,>=7,>=1000,56,918,1,0
32,30-39,male single,4<=X<7,100<=X<500,7,1984,1,1
22,Under 30,female div/dep/mar,1<=X<4,no known savings,21,6798,0,0
56,50+,female div/dep/mar,4<=X<7,no known savings,28,9332,0,0
62,50+,female div/dep/mar,1<=X<4,<100,32,3242,0,0
25,Under 30,male mar/wid,1<=X<4,no known savings,57,9636,0,0
29,Under 30,male single,unemployed,500<=X<1000,16,8700,0,0
31,30-39,male single,4<=X<7,100<=X<500,19,5866,1,1
18,Under 30,male single,<1,100<=X<500,16,11223,0,0
37,30-39,male single,unemployed,100<=X<500,50,4959,0,0
22,Under 30,female single,<1,<100,38,697,0,0
45,40-49,male single,4<=X<7,100<=X<500,25,862,1,1
45,40-49,male single,<1,100<=X<500,42,12798,0,0
66,50+,male mar/wid,4<=X<7,100<=X<500,67,6613,1,1
43,40-49,female single,4<=X<7,500<=X<1000,38,14490,1,1
35,30-39,male single,>=7,<100,41,4335,1,1
40,40-49,male mar/wid,>=7,no known savings,6,3171,1,1
59,50+,male single,1<=X<4,<100,47,9359,0,0
35,30-39,male single,<1,500<=X<1000,62,4281,0,0
60,50+,female single,4<=X<7,100<=X<500,12,2355,1,1
25,Under 30,female single,>=7,<100,32,3707,1,1
71,50+,male div/sep,1<=X<4,<100,65,11211,0,1
68,50+,male single,4<=X<7,500<=X<1000,43,13474,1,0
69,50+,male single,>=7,100<=X<500,23,2690,1,1
41,40-49,male mar/wid,>=7,no known savings,24,10987,1,1
39,30-39,male single,4<=X<7,500<=X<1000,28,4012,1,1
67,50+,male mar/wid,>=7,<100,48,2599,1,1
37,30-39,male single,>=7,no known savings,13,11791,1,1
49,40-49,female div/dep/mar,<1,<100,64,6571,0,0
54,50+,male mar/wid,1<=X<4,<100,65,14268,0,0
66,50+,female div/dep/mar,>=7,100<=X<500,33,3604,1,1
74,50+,male single,4<=X<7,100<=X<500,51,14671,0,0
47,40-49,male mar/wid,>=7,100<=X<500,18,12605,1,1
65,50+,male div/sep,1<=X<4,<100,60,9574,0,0
38,30-39,male single,>=7,<100,45,8332,1,1
32,30-39,female single,1<=X<4,no known savings,8,3255,0,0
42,40-49,male single,>=7,>=1000,28,5522,1,1
24,Under 30,male single,unemployed,<100,27,14976,0,0
49,40-49,male single,>=7,<100,40,653,1,1
40,40-49,male single,unemployed,>=1000,8,6934,1,1
68,50+,male single,4<=X<7,no known savings,57,1914,0,0
64,50+,female div/dep/mar,>=7,<100,48,10485,0,0
59,50+,male mar/wid,<1,500<=X<1000,53,8490,0,0
60,50+,female div/dep/mar,1<=X<4,100<=X<500,31,4266,1,1
44,40-49,male single,>=7,100<=X<500,63,6105,1,1
22,Under 30,female single,1<=X<4,>=1000,55,3844,1,1
38,30-39,male mar/wid,1<=X<4,500<=X<1000,57,1506,0,0
40,40-49,male div/sep,4<=X<7,500<=X<1000,48,10471,0,0
67,50+,female div/dep/mar,unemployed,100<=X<500,33,7900,0,0
55,50+,female div/dep/mar,>=7,100<=X<500,53,1834,1,1
38,30-39,female single,>=7,>=1000,57,9672,1,1
50,50+,male single,unemployed,no known savings,42,11792,0,0
26,Under 30,male single,>=7,<100,24,12755,1,1
42,40-49,male single,>=7,100<=X<500,28,13827,1,1
55,50+,male div/sep,unemployed,500<=X<1000,59,3607,0,0
42,40-49,female div/dep/mar,4<=X<7,<100,70,14075,0,0
62,50+,male single,1<=X<4,<100,41,6856,0,0
63,50+,male div/sep,>=7,<100,48,4784,1,0
36,30-39,female div/dep/mar,1<=X<4,>=1000,59,9433,0,0
55,50+,female single,1<=X<4,<100,12,13917,0,0
18,Under 30,female single,>=7,100<=X<500,7,4333,1,1
65,50+,male mar/wid,>=7,<100,35,3642,1,1
51,50+,female single,4<=X<7,<100,42,1920,1,1
21,Under 30,female single,1<=X<4,no known savings,33,11144,0,0
68,50+,male single,unemployed,100<=X<500,61,5496,0,0
34,30-39,male single,4<=X<7,<100,69,2716,0,0
65,50+,female single,unemployed,<100,58,6543,0,0
30,30-39,female single,<1,no known savings,17,1108,0,0
32,30-39,male single,1<=X<4,100<=X<500,63,14894,0,1
20,Under 30,male single,<1,>=1000,17,5534,1,1
74,50+,male single,1<=X<4,100<=X<500,12,10487,0,0
22,Under 30,male single,4<=X<7,<100,48,3371,0,0
27,Under 30,male single,4<=X<7,100<=X<500,41,1048,1,1
35,30-39,female single,4<=X<7,<100,64,5975,0,0
25,Under 30,female div/dep/mar,1<=X<4,no known savings,37,4251,0,0
33,30-39,male single,<1,<100,52,12632,0,0
25,Under 30,female div/dep/mar,>=7,>=1000,12,5081,1,1
24,Under 30,male single,1<=X<4,no known savings,52,10620,0,0
21,Under 30,male div/sep,4<=X<7,no known savings,47,6939,0,0
41,40-49,female single,<1,no known savings,66,726,0,0
37,30-39,female single,<1,<100,56,10131,0,0
47,40-49,female div/dep/mar,1<=X<4,100<=X<500,61,1645,0,0
49,40-49,female single,1<=X<4,<100,41,13076,0,0
42,40-49,female single,1<=X<4,500<=X<1000,48,6606,1,1
35,30-39,male mar/wid,4<=X<7,500<=X<1000,28,10857,1,1
48,40-49,female single,1<=X<4,<100,18,13549,0,0
66,50+,male single,unemployed,100<=X<500,50,11173,0,0
65,50+,male single,1<=X<4,100<=X<500,55,13871,0,0
42,40-49,female div/dep/mar,4<=X<7,500<=X<1000,36,14489,0,0
19,Under 30,male single,4<=X<7,<100,43,14043,0,0
51,50+,female single,1<=X<4,no known savings,36,2900,0,0
64,50+,male single,>=7,<100,59,9687,0,0
20,Under 30,female div/dep/mar,1<=X<4,100<=X<500,13,7755,1,1
38,30-39,male single,<1,<100,17,5149,0,0
48,40-49,female single,1<=X<4,100<=X<500,64,9476,0,0
37,30-39,female single,>=7,>=1000,60,6697,1,1
65,50+,male mar/wid,<1,>=1000,37,4453,1,1
19,Under 30,male div/sep,4<=X<7,100<=X<500,31,7893,1,1
65,50+,male mar/wid,>=7,100<=X<500,17,2437,1,1
47,40-49,female single,>=7,100<=X<500,14,4040,1,1
57,50+,male single,>=7,<100,6,14470,1,1
33,30-39,male single,unemployed,>=1000,20,6102,0,0
62,50+,male single,1<=X<4,no known savings,40,7786,0,0
55,50+,male single,<1,100<=X<500,13,6214,0,0
45,40-49,male div/sep,>=7,>=1000,11,1063,1,1
34,30-39,male single,1<=X<4,100<=X<500,27,13082,0,1
56,50+,male div/sep,>=7,<100,45,8239,0,0
36,30-39,female div/dep/mar,<1,100<=X<500,41,3698,0,1
24,Under 30,male mar/wid,unemployed,<100,52,12117,0,0
35,30-39,male single,1<=X<4,500<=X<1000,50,3126,1,1
63,50+,female div/dep/mar,>=7,100<=X<500,60,11952,0,0
55,50+,female div/dep/mar,>=7,500<=X<1000,43,3483,1,1
43,40-49,male single,1<=X<4,100<=X<500,60,5517,0,0
57,50+,female div/dep/mar,1<=X<4,>=1000,21,689,1,1
73,50+,male single,<1,no known savings,50,5915,0,0
45,40-49,male single,<1,no known savings,29,9038,0,0
64,50+,male single,4<=X<7,>=1000,54,12086,1,1
24,Under 30,female single,1<=X<4,<100,57,4666,0,0
67,50+,male single,4<=X<7,500<=X<1000,30,7496,1,1
56,50+,female div/dep/mar,4<=X<7,500<=X<1000,27,5862,1,1
43,40-49,female div/dep/mar,4<=X<7,>=1000,49,6104,1,1
59,50+,female div/dep/mar,4<=X<7,<100,54,5509,0,0
60,50+,male single,4<=X<7,100<=X<500,59,3103,0,0
52,50+,male single,>=7,100<=X<500,69,11342,0,0
25,Under 30,male mar/wid,1<=X<4,<100,51,8765,0,0
62,50+,male div/sep,1<=X<4,100<=X<500,6,12638,0,0
70,50+,female div/dep/mar,4<=X<7,no known savings,36,12108,0,0
72,50+,female single,1<=X<4,>=1000,57,6098,1,0
21,Under 30,male single,>=7,500<=X<1000,8,6228,1,1
34,30-39,female single,4<=X<7,>=1000,67,14599,0,0
38,30-39,female div/dep/mar,>=7,>=1000,33,6591,1,1
44,40-49,female single,1<=X<4,>=1000,15,2961,1,1
56,50+,female single,<1,no known savings,47,11989,0,0
39,30-39,male single,<1,>=1000,31,10325,0,0
40,40-49,female div/dep/mar,unemployed,no known savings,27,9788,0,0
63,50+,female div/dep/mar,4<=X<7,100<=X<500,36,14904,0,0
20,Under 30,male div/sep,1<=X<4,100<=X<500,37,715,0,1
48,40-49,male mar/wid,4<=X<7,100<=X<500,41,12328,0,0
61,50+,female single,<1,100<=X<500,34,6584,0,1
25,Under 30,male single,4<=X<7,500<=X<1000,67,12154,0,0
31,30-39,female single,<1,100<=X<500,47,14612,0,0
44,40-49,male single,1<=X<4,<100,61,7471,0,0
66,50+,female div/dep/mar,1<=X<4,no known savings,42,2234,0,0
42,40-49,female div/dep/mar,>=7,<100,37,4960,1,1
18,Under 30,male single,1<=X<4,no known savings,40,4736,0,0
53,50+,female div/dep/mar,1<=X<4,no known savings,16,3895,0,0
73,50+,female single,4<=X<7,500<=X<1000,12,14277,1,1
41,40-49,female div/dep/mar,4<=X<7,>=1000,15,13726,1,1
59,50+,female div/dep/mar,<1,500<=X<1000,64,2702,0,0
43,40-49,female single,1<=X<4,500<=X<1000,12,6543,1,1
60,50+,female div/dep/mar,4<=X<7,500<=X<1000,49,6181,1,1
48,40-49,male single,1<=X<4,<100,23,8843,0,0
44,40-49,female div/dep/mar,4<=X<7,no known savings,18,14913,0,0
71,50+,male single,1<=X<4,no known savings,19,11455,0,0
60,50+,male mar/wid,4<=X<7,100<=X<500,21,5500,1,1
45,40-49,male single,1<=X<4,<100,23,5326,0,0
48,40-49,male div/sep,4<=X<7,100<=X<500,67,1211,1,1
28,Under 30,male div/sep,1<=X<4,100<=X<500,53,13629,0,0
47,40-49,male single,>=7,<100,66,8882,0,0
72,50+,female div/dep/mar,>=7,500<=X<1000,18,5535,1,1
30,30-39,male mar/wid,>=7,<100,43,5588,1,1
29,Under 30,female single,>=7,500<=X<1000,54,14118,1,1
47,40-49,female div/dep/mar,4<=X<7,500<=X<1000,28,2623,1,1
26,Under 30,male mar/wid,<1,no known savings,24,2341,0,0
60,50+,male div/sep,<1,100<=X<500,41,14131,0,1
65,50+,male mar/wid,<1,no known savings,13,12898,0,0
66,50+,female div/dep/mar,4<=X<7,500<=X<1000,62,14455,0,0
56,50+,male mar/wid,1<=X<4,<100,35,10236,0,0
21,Under 30,male mar/wid,>=7,100<=X<500,11,6108,1,1
30,30-39,male single,>=7,no known savings,8,12348,1,1
34,30-39,female single,unemployed,no known savings,29,1276,0,0
61,50+,female div/dep/mar,1<=X<4,500<=X<1000,29,7151,1,1
18,Under 30,male single,4<=X<7,500<=X<1000,17,14176,1,1
61,50+,male mar/wid,4<=X<7,<100,40,3110,1,1
70,50+,female div/dep/mar,>=7,100<=X<500,41,1466,1,1
33,30-39,male single,<1,100<=X<500,53,13675,0,0
27,Under 30,male single,>=7,100<=X<500,42,9497,1,1
19,Under 30,male single,1<=X<4,>=1000,44,560,1,1
28,Under 30,male div/sep,4<=X<7,<100,69,9333,0,0
20,Under 30,male div/sep,1<=X<4,<100,8,9389,0,0
25,Under 30,male single,<1,100<=X<500,56,7229,0,0
33,30-39,male single,unemployed,500<=X<1000,43,11224,0,0
64,50+,male single,>=7,100<=X<500,27,14155,1,1
26,Under 30,male mar/wid,>=7,>=1000,20,8986,1,1
63,50+,male single,1<=X<4,<100,68,4479,0,0
63,50+,male div/sep,<1,no known savings,39,2078,0,0
44,40-49,male single,<1,100<=X<500,60,6106,0,0
68,50+,female single,4<=X<7,100<=X<500,41,874,1,1
39,30-39,female single,1<=X<4,100<=X<500,11,8666,1,1
44,40-49,male single,1<=X<4,no known savings,17,1559,0,0
55,50+,male single,>=7,<100,19,3638,1,1
67,50+,male single,1<=X<4,100<=X<500,62,9846,0,0
23,Under 30,male single,>=7,<100,27,10115,1,1
61,50+,female div/dep/mar,>=7,<100,68,11933,0,1
38,30-39,male mar/wid,<1,100<=X<500,48,4298,0,0
51,50+,male mar/wid,>=7,<100,21,14324,1,1
24,Under 30,male single,>=7,no known savings,44,11153,0,0
69,50+,female single,4<=X<7,<100,17,6355,1,1
27,Under 30,male single,1<=X<4,no known savings,19,1237,0,0
64,50+,male single,1<=X<4,100<=X<500,42,2268,0,0
33,30-39,male div/sep,unemployed,<100,57,4822,0,0
51,50+,male single,>=7,<100,55,1551,0,0
45,40-49,male single,1<=X<4,100<=X<500,62,1363,0,1
51,50+,male single,4<=X<7,500<=X<1000,31,2204,1,1
24,Under 30,male single,1<=X<4,>=1000,42,1250,1,1
26,Under 30,male single,>=7,<100,23,1135,1,1
70,50+,female single,<1,<100,40,8071,0,0
74,50+,male single,1<=X<4,no known savings,15,602,0,0
74,50+,male mar/wid,1<=X<4,100<=X<500,23,10935,0,0
43,40-49,male mar/wid,<1,100<=X<500,6,2451,1,1
35,30-39,male mar/wid,1<=X<4,500<=X<1000,50,9667,0,0
27,Under 30,male mar/wid,1<=X<4,100<=X<500,8,5142,1,1
67,50+,male single,<1,no known savings,50,14401,0,0
57,50+,female single,>=7,<100,39,11655,0,0
46,40-49,male single,unemployed,100<=X<500,27,11673,0,1
31,30-39,female div/dep/mar,>=7,<100,71,527,0,0
31,30-39,female div/dep/mar,>=7,<100,16,7809,1,1
55,50+,male single,>=7,<100,22,4078,1,1
25,Under 30,female div/dep/mar,4<=X<7,<100,42,12214,0,0
27,Under 30,male single,4<=X<7,500<=X<1000,24,2379,1,1
46,40-49,male div/sep,unemployed,no known savings,37,13327,0,0
36,30-39,female div/dep/mar,4<=X<7,100<=X<500,16,2404,1,1
56,50+,male div/sep,<1,500<=X<1000,16,10682,0,0
53,50+,male single,1<=X<4,<100,35,11235,0,1
69,50+,female single,4<=X<7,<100,7,9410,1,0
71,50+,female div/dep/mar,>=7,500<=X<1000,40,12812,1,1
66,50+,male single,<1,no known savings,34,13434,0,0
35,30-39,female div/dep/mar,4<=X<7,<100,56,6667,0,0
48,40-49,male single,4<=X<7,500<=X<1000,10,8234,1,1
61,50+,male mar/wid,>=7,>=1000,27,2355,1,1
31,30-39,male mar/wid,1<=X<4,500<=X<1000,33,7268,1,1
62,50+,male single,>=7,100<=X<500,30,9943,1,1
57,50+,male mar/wid,<1,no known savings,9,7362,0,0
41,40-49,male div/sep,unemployed,<100,51,9469,0,0
64,50+,male single,>=7,100<=X<500,38,13392,1,1
46,40-49,male mar/wid,>=7,500<=X<1000,28,13567,1,1
51,50+,female div/dep/mar,1<=X<4,<100,43,8395,0,0
22,Under 30,female single,4<=X<7,100<=X<500,58,1513,0,0
48,40-49,female single,<1,100<=X<500,68,5818,0,0
24,Under 30,female single,1<=X<4,<100,9,656,0,0
67,50+,male single,unemployed,<100,42,2477,0,0
68,50+,male single,<1,no known savings,6,8047,0,0
64,50+,female single,>=7,<100,9,5960,1,1
39,30-39,male single,1<=X<4,<100,23,2383,0,0
34,30-39,female single,<1,<100,51,12176,0,0
18,Under 30,male single,<1,100<=X<500,12,12581,0,0
49,40-49,male div/sep,4<=X<7,>=1000,66,9458,1,1
20,Under 30,female div/dep/mar,1<=X<4,<100,6,8796,0,0
45,40-49,male div/sep,>=7,500<=X<1000,62,5528,1,0
60,50+,male div/sep,>=7,100<=X<500,18,2822,1,1
72,50+,female div/dep/mar,<1,100<=X<500,29,1000,0,0
59,50+,male mar/wid,>=7,<100,33,1260,1,1
32,30-39,male mar/wid,4<=X<7,no known savings,57,1745,0,0
73,50+,male mar/wid,>=7,100<=X<500,14,5137,1,1
56,50+,female single,>=7,<100,32,14507,0,0
57,50+,male single,1<=X<4,>=1000,64,13928,1,1
39,30-39,male mar/wid,1<=X<4,>=1000,59,3730,1,1
36,30-39,male div/sep,4<=X<7,100<=X<500,36,11402,0,0
67,50+,male single,>=7,>=1000,49,6550,1,1
45,40-49,female single,1<=X<4,500<=X<1000,29,3453,1,1
35,30-39,female div/dep/mar,>=7,<100,18,8810,1,1
71,50+,male mar/wid,4<=X<7,no known savings,41,14764,0,0
62,50+,female single,>=7,>=1000,53,7213,1,1
28,Under 30,male div/sep,<1,500<=X<1000,50,1147,0,0
30,30-39,male single,>=7,no known savings,15,5539,1,1
56,50+,male mar/wid,4<=X<7,no known savings,26,13817,0,0
45,40-49,male mar/wid,<1,500<=X<1000,58,10805,0,0
19,Under 30,male div/sep,<1,500<=X<1000,61,11504,0,0
62,50+,male mar/wid,>=7,<100,68,10795,0,0
52,50+,male single,4<=X<7,100<=X<500,23,8663,1,1
47,40-49,female div/dep/mar,<1,100<=X<500,70,514,0,0
45,40-49,male single,4<=X<7,<100,38,11788,0,0
56,50+,female single,<1,100<=X<500,37,11945,0,0
50,50+,female div/dep/mar,1<=X<4,100<=X<500,9,5421,1,1
48,40-49,male mar/wid,<1,100<=X<500,55,10434,0,0
48,40-49,male mar/wid,>=7,no known savings,19,3323,1,1
27,Under 30,female div/dep/mar,unemployed,500<=X<1000,40,14970,0,0
61,50+,male single,4<=X<7,100<=X<500,51,12477,0,0
35,30-39,male single,<1,100<=X<500,13,1647,1,0
48,40-49,male mar/wid,1<=X<4,no known savings,44,6111,0,0
18,Under 30,female div/dep/mar,1<=X<4,500<=X<1000,53,8067,0,0
43,40-49,male single,>=7,no known savings,64,2134,1,1
66,50+,male single,unemployed,500<=X<1000,6,3830,0,0
32,30-39,male mar/wid,unemployed,no known savings,36,10997,0,0
24,Under 30,female single,>=7,100<=X<500,53,12816,0,0
64,50+,male div/sep,>=7,no known savings,35,684,1,1
74,50+,male single,4<=X<7,<100,21,12591,0,0
37,30-39,female single,>=7,500<=X<1000,46,13727,1,1
66,50+,male mar/wid,4<=X<7,100<=X<500,29,11132,0,0
38,30-39,female div/dep/mar,1<=X<4,100<=X<500,70,3350,0,0
57,50+,female single,4<=X<7,>=1000,16,3421,1,1
29,Under 30,female single,>=7,500<=X<1000,24,867,1,1
39,30-39,female single,>=7,>=1000,24,4363,1,1
26,Under 30,female div/dep/mar,4<=X<7,<100,36,9391,0,0
30,30-39,male div/sep,4<=X<7,100<=X<500,17,11189,1,0
52,50+,male single,4<=X<7,no known savings,38,10997,0,0
28,Under 30,male single,1<=X<4,>=1000,47,1030,1,1
31,30-39,male single,4<=X<7,100<=X<500,56,5886,0,0
71,50+,female single,1<=X<4,>=1000,61,7499,1,1
73,50+,female single,unemployed,<100,58,13541,0,0
48,40-49,female div/dep/mar,>=7,<100,47,8963,0,0
20,Under 30,female div/dep/mar,4<=X<7,no known savings,62,10259,0,0
70,50+,female div/dep/mar,1<=X<4,100<=X<500,41,3117,0,0
60,50+,female div/dep/mar,1<=X<4,no known savings,22,3148,0,0
53,50+,female div/dep/mar,1<=X<4,<100,23,6694,0,0
65,50+,female div/dep/mar,>=7,no known savings,9,10075,1,1
40,40-49,male div/sep,1<=X<4,<100,56,2221,0,0
39,30-39,male single,<1,<100,25,9018,0,0
32,30-39,male div/sep,>=7,<100,62,2159,1,1
63,50+,male mar/wid,4<=X<7,<100,19,10757,0,0
73,50+,female div/dep/mar,<1,<100,49,1787,0,0
48,40-49,male single,<1,<100,30,927,0,0
62,50+,male mar/wid,>=7,no known savings,69,9830,0,0
31,30-39,female single,<1,no known savings,7,2323,0,0
47,40-49,male mar/wid,<1,<100,43,3959,0,0
65,50+,male mar/wid,4<=X<7,100<=X<500,11,14664,1,1
62,50+,male mar/wid,1<=X<4,500<=X<1000,53,7872,0,0
41,40-49,male single,>=7,500<=X<1000,33,11083,1,1
70,50+,male mar/wid,>=7,<100,71,6053,0,0
36,30-39,male single,4<=X<7,no known savings,44,3833,0,0
24,Under 30,male single,1<=X<4,100<=X<500,46,6802,0,0
62,50+,male single,1<=X<4,100<=X<500,8,6559,1,1
64,50+,male mar/wid,>=7,<100,6,1119,1,1
35,30-39,male mar/wid,unemployed,100<=X<500,54,4974,0,0
67,50+,female div/dep/mar,>=7,500<=X<1000,40,13357,1,0
67,50+,male div/sep,4<=X<7,100<=X<500,40,14780,0,1
28,Under 30,female single,>=7,no known savings,54,9396,0,0
42,40-49,male div/sep,4<=X<7,<100,67,14854,0,0
56,50+,male div/sep,4<=X<7,<100,21,2677,1,1
47,40-49,male mar/wid,unemployed,100<=X<500,70,12999,0,0
29,Under 30,female div/dep/mar,4<=X<7,500<=X<1000,7,9272,1,1
65,50+,male single,>=7,100<=X<500,7,4119,1,1
38,30-39,female div/dep/mar,unemployed,no known savings,64,12228,0,0
72,50+,male single,>=7,<100,47,11952,0,0
27,Under 30,male mar/wid,>=7,<100,37,4607,1,1
51,50+,male single,<1,no known savings,21,6729,0,0
42,40-49,female single,<1,100<=X<500,54,1504,0,0
62,50+,female single,<1,500<=X<1000,58,1883,0,0
40,40-49,female single,1<=X<4,100<=X<500,71,7372,0,0
28,Under 30,female single,1<=X<4,100<=X<500,42,10840,0,0
50,50+,male single,4<=X<7,<100,58,8111,0,0
54,50+,male single,1<=X<4,no known savings,56,2577,0,0
38,30-39,male mar/wid,>=7,no known savings,71,1980,0,0
49,40-49,male single,>=7,100<=X<500,7,7588,1,1
39,30-39,male single,1<=X<4,<100,7,12230,0,0
34,30-39,male mar/wid,<1,<100,34,4898,0,0
74,50+,male mar/wid,unemployed,<100,71,4269,0,0
61,50+,male single,<1,100<=X<500,20,7240,0,1
53,50+,female div/dep/mar,>=7,<100,50,12367,0,0
45,40-49,male single,4<=X<7,100<=X<500,34,6349,1,1
60,50+,male div/sep,4<=X<7,<100,38,10842,0,0
70,50+,male single,1<=X<4,<100,56,8407,0,0
66,50+,male div/sep,4<=X<7,100<=X<500,10,2317,1,1
64,50+,male single,>=7,<100,42,5709,0,0
61,50+,female div/dep/mar,<1,<100,8,14213,0,1
64,50+,female single,>=7,<100,16,9285,1,1
74,50+,female div/dep/mar,<1,>=1000,16,7987,1,1
34,30-39,male mar/wid,>=7,no known savings,12,9412,0,0
31,30-39,female div/dep/mar,1<=X<4,>=1000,24,3085,1,1
44,40-49,male mar/wid,>=7,100<=X<500,39,10837,1,1
24,Under 30,female single,>=7,>=1000,15,9638,1,1
73,50+,female single,4<=X<7,<100,7,10913,0,0
72,50+,female div/dep/mar,<1,100<=X<500,40,984,0,0
48,40-49,female div/dep/mar,<1,100<=X<500,37,4073,0,0
64,50+,male single,1<=X<4,<100,20,9302,0,0
29,Under 30,male mar/wid,4<=X<7,no known savings,17,14716,0,0
19,Under 30,male single,1<=X<4,100<=X<500,68,8485,0,0
64,50+,female div/dep/mar,>=7,no known savings,48,10627,1,1
39,30-39,male div/sep,>=7,<100,32,13735,0,0
25,Under 30,male single,>=7,no known savings,60,5320,0,0
73,50+,male single,4<=X<7,500<=X<1000,37,1518,1,1
33,30-39,female div/dep/mar,>=7,100<=X<500,15,14259,1,1
73,50+,female single,4<=X<7,no known savings,40,12993,0,0
42,40-49,male single,>=7,100<=X<500,9,5680,1,1
20,Under 30,male div/sep,<1,no known savings,44,756,0,0
47,40-49,male mar/wid,1<=X<4,100<=X<500,48,14631,0,0
67,50+,female single,4<=X<7,100<=X<500,23,6360,1,1
62,50+,female div/dep/mar,1<=X<4,500<=X<1000,37,13726,0,0
67,50+,male div/sep,4<=X<7,>=1000,33,8648,1,1
36,30-39,male single,>=7,<100,44,6754,1,1
46,40-49,female div/dep/mar,4<=X<7,100<=X<500,32,5431,1,1
74,50+,male single,<1,<100,58,10326,0,0
22,Under 30,male single,4<=X<7,no known savings,14,4037,1,1
37,30-39,female div/dep/mar,1<=X<4,no known savings,56,10749,0,0
50,50+,male mar/wid,1<=X<4,no known savings,17,1680,0,0
18,Under 30,female div/dep/mar,1<=X<4,100<=X<500,17,14812,0,0
49,40-49,male single,>=7,>=1000,35,2533,1,1
46,40-49,male div/sep,1<=X<4,no known savings,32,7797,0,1
55,50+,female single,1<=X<4,no known savings,48,6331,0,0
40,40-49,female div/dep/mar,4<=X<7,100<=X<500,63,10542,0,0
27,Under 30,female div/dep/mar,1<=X<4,<100,58,13932,0,0
29,Under 30,male mar/wid,1<=X<4,no known savings,11,11326,0,0
52,50+,female div/dep/mar,4<=X<7,no known savings,6,6623,1,1
64,50+,female single,<1,100<=X<500,48,701,0,0
26,Under 30,male single,<1,100<=X<500,26,9236,0,0
28,Under 30,female div/dep/mar,4<=X<7,no known savings,17,9252,0,0
28,Under 30,male single,1<=X<4,500<=X<1000,51,14832,0,0
55,50+,male single,4<=X<7,<100,43,9697,0,0
21,Under 30,female single,>=7,<100,56,12903,0,0
36,30-39,male single,4<=X<7,<100,50,12108,0,0
38,30-39,male div/sep,1<=X<4,500<=X<1000,19,4135,1,1
23,Under 30,male single,4<=X<7,<100,14,5745,1,1
40,40-49,male mar/wid,1<=X<4,no known savings,7,10282,0,0
61,50+,female single,>=7,100<=X<500,34,6857,1,1
56,50+,female div/dep/mar,>=7,100<=X<500,66,9400,1,1
24,Under 30,male single,<1,>=1000,40,14811,0,1
62,50+,male single,1<=X<4,<100,10,8817,0,0
53,50+,female div/dep/mar,<1,100<=X<500,49,9123,0,0
56,50+,female div/dep/mar,<1,100<=X<500,55,11746,0,0
32,30-39,female single,>=7,<100,60,2976,0,0
26,Under 30,male mar/wid,unemployed,<100,49,1167,0,1
64,50+,male single,>=7,500<=X<1000,67,7984,1,1
39,30-39,female single,1<=X<4,500<=X<1000,12,5409,1,0
28,Under 30,male single,unemployed,<100,6,14527,0,0
52,50+,female div/dep/mar,>=7,no known savings,44,4379,1,1
34,30-39,female div/dep/mar,>=7,<100,14,1222,1,1
26,Under 30,female div/dep/mar,>=7,500<=X<1000,57,6386,1,1
51,50+,male single,<1,100<=X<500,41,10444,0,0
63,50+,male single,<1,>=1000,49,1925,0,0
36,30-39,female single,unemployed,no known savings,31,12128,0,0
57,50+,female div/dep/mar,4<=X<7,<100,16,1634,1,1
47,40-49,male single,unemployed,>=1000,48,723,0,0
39,30-39,male div/sep,1<=X<4,<100,33,8388,0,0
43,40-49,female single,4<=X<7,100<=X<500,45,5672,1,1
47,40-49,female single,1<=X<4,100<=X<500,16,12439,0,0
29,Under 30,male div/sep,1<=X<4,100<=X<500,17,9132,1,1
53,50+,male single,<1,<100,47,6869,0,1
24,Under 30,male single,<1,500<=X<1000,38,12768,0,0
71,50+,male single,<1,100<=X<500,10,5653,1,1
58,50+,male single,4<=X<7,100<=X<500,26,2482,1,1
19,Under 30,male single,1<=X<4,<100,35,7248,0,1
38,30-39,male mar/wid,4<=X<7,500<=X<1000,38,3363,1,1
44,40-49,male single,>=7,500<=X<1000,6,13736,1,1
67,50+,male mar/wid,>=7,<100,34,7692,1,1
18,Under 30,male single,unemployed,100<=X<500,56,10301,0,0
31,30-39,male div/sep,4<=X<7,>=1000,70,12466,1,1
66,50+,male single,<1,<100,53,12668,0,1
19,Under 30,female single,1<=X<4,<100,38,4450,0,0
40,40-49,male mar/wid,>=7,<100,8,8005,1,1
43,40-49,male single,4<=X<7,100<=X<500,71,14858,0,0
42,40-49,male mar/wid,4<=X<7,100<=X<500,23,2361,1,1
32,30-39,male single,>=7,<100,23,7832,1,1
46,40-49,female div/dep/mar,>=7,no known savings,17,5482,1,1
69,50+,male mar/wid,>=7,500<=X<1000,32,626,1,1
74,50+,male mar/wid,<1,<100,64,3259,0,0
45,40-49,male single,>=7,>=1000,40,12478,1,1
56,50+,male div/sep,<1,100<=X<500,31,9431,0,0
65,50+,female single,1<=X<4,100<=X<500,15,1915,1,1
21,Under 30,female single,>=7,<100,57,10108,0,0
47,40-49,male single,1<=X<4,100<=X<500,8,5005,1,1
64,50+,male single,unemployed,<100,26,10274,0,0
27,Under 30,male single,1<=X<4,500<=X<1000,39,10532,1,1
59,50+,female single,1<=X<4,100<=X<500,59,5393,0,0
27,Under 30,female div/dep/mar,unemployed,<100,31,10527,0,0
74,50+,male mar/wid,>=7,500<=X<1000,15,11670,1,1
39,30-39,male single,<1,500<=X<1000,25,13361,0,0
33,30-39,female single,>=7,500<=X<1000,60,1127,1,1
56,50+,male single,<1,>=1000,52,12569,0,0
57,50+,male single,>=7,500<=X<1000,54,9203,1,1
68,50+,female div/dep/mar,>=7,no known savings,67,7035,0,0
60,50+,male single,4<=X<7,500<=X<1000,13,12271,1,1
30,30-39,female single,1<=X<4,no known savings,20,4139,0,0
56,50+,female single,unemployed,no known savings,18,1261,0,0
47,40-49,male mar/wid,4<=X<7,<100,30,10937,0,1
30,30-39,male div/sep,>=7,500<=X<1000,50,8933,1,1
59,50+,female div/dep/mar,>=7,500<=X<1000,54,11801,0,0
43,40-49,male single,<1,no known savings,47,8197,0,0
48,40-49,female single,>=7,100<=X<500,33,12276,1,1
56,50+,male div/sep,4<=X<7,100<=X<500,66,13284,0,0
44,40-49,male single,>=7,<100,44,9983,0,0
74,50+,male single,<1,>=1000,43,10164,0,0
21,Under 30,male single,>=7,<100,15,10031,1,1
65,50+,female single,>=7,no known savings,57,8016,0,0
29,Under 30,male mar/wid,1<=X<4,500<=X<1000,64,12502,0,0
69,50+,male mar/wid,>=7,100<=X<500,18,9092,1,1
52,50+,female single,4<=X<7,no known savings,30,7225,1,1
56,50+,male single,unemployed,no known savings,60,4716,0,0
18,Under 30,female div/dep/mar,4<=X<7,<100,22,7561,1,1
33,30-39,male mar/wid,unemployed,100<=X<500,11,4258,0,0
39,30-39,female div/dep/mar,>=7,<100,26,13371,0,1
62,50+,male mar/wid,>=7,100<=X<500,26,12503,1,1
53,50+,male div/sep,1<=X<4,500<=X<1000,33,2312,1,1
51,50+,female div/dep/mar,<1,100<=X<500,68,6648,0,0
39,30-39,female div/dep/mar,unemployed,<100,25,3474,0,0
31,30-39,male single,<1,500<=X<1000,10,4369,0,0
20,Under 30,male mar/wid,4<=X<7,no known savings,28,9833,0,0
55,50+,male mar/wid,4<=X<7,100<=X<500,14,1472,1,1
30,30-39,male single,<1,no known savings,14,8480,0,0
19,Under 30,male single,>=7,no known savings,57,11164,0,0
74,50+,male single,<1,500<=X<1000,34,12432,0,0
71,50+,male single,<1,<100,42,2004,0,0
61,50+,male single,>=7,500<=X<1000,35,10140,1,1
57,50+,male mar/wid,>=7,500<=X<1000,22,1321,1,1
26,Under 30,female single,>=7,500<=X<1000,55,7019,1,1
59,50+,male div/sep,4<=X<7,100<=X<500,9,1826,1,1
52,50+,female div/dep/mar,unemployed,>=1000,51,9606,0,0
66,50+,female single,>=7,no known savings,24,3420,1,1
59,50+,male div/sep,4<=X<7,500<=X<1000,6,7100,1,1
44,40-49,male single,4<=X<7,<100,71,14771,0,0
37,30-39,male single,>=7,>=1000,57,2851,1,0
38,30-39,male mar/wid,1<=X<4,<100,8,9010,1,1
23,Under 30,male mar/wid,4<=X<7,>=1000,49,5507,1,1
46,40-49,male single,1<=X<4,500<=X<1000,36,8223,0,0
39,30-39,male single,>=7,100<=X<500,15,2510,1,1
52,50+,male mar/wid,1<=X<4,500<=X<1000,59,9178,0,0
54,50+,male single,>=7,no known savings,57,9061,1,1
40,40-49,male mar/wid,4<=X<7,100<=X<500,63,12195,0,0
46,40-49,female single,>=7,100<=X<500,63,12322,0,1
57,50+,male div/sep,<1,<100,36,14746,0,0
73,50+,male mar/wid,4<=X<7,100<=X<500,41,1000,1,1
44,40-49,male mar/wid,>=7,100<=X<500,19,4153,1,1
32,30-39,female div/dep/mar,>=7,<100,46,13804,0,0
52,50+,male mar/wid,1<=X<4,>=1000,13,13894,1,1
67,50+,female div/dep/mar,1<=X<4,no known savings,37,12946,0,0
44,40-49,female single,<1,>=1000,48,14406,0,0
29,Under 30,male mar/wid,4<=X<7,100<=X<500,35,13715,1,1
63,50+,male single,<1,<100,52,6822,0,0
71,50+,male single,4<=X<7,100<=X<500,8,2524,1,1
58,50+,male single,1<=X<4,<100,15,13344,0,0
25,Under 30,male single,>=7,>=1000,22,3273,1,0
68,50+,female div/dep/mar,>=7,<100,65,4094,0,0
51,50+,female div/dep/mar,1<=X<4,<100,19,4963,0,0
33,30-39,male mar/wid,>=7,100<=X<500,15,12243,1,0
53,50+,male single,4<=X<7,<100,22,8311,0,0
66,50+,female single,4<=X<7,<100,24,1501,1,1
68,50+,male single,>=7,no known savings,14,1704,1,1
67,50+,male single,1<=X<4,<100,69,575,0,0
34,30-39,male single,>=7,no known savings,51,8818,0,0
42,40-49,male single,<1,<100,64,3792,0,0
63,50+,male mar/wid,1<=X<4,no known savings,53,13815,0,0
43,40-49,male mar/wid,4<=X<7,<100,10,12771,0,0
64,50+,male single,4<=X<7,<100,68,7862,0,0
34,30-39,male mar/wid,<1,<100,33,1418,0,0
55,50+,female div/dep/mar,<1,100<=X<500,48,12733,0,1
55,50+,male div/sep,4<=X<7,<100,13,14724,1,1
62,50+,male single,1<=X<4,500<=X<1000,39,9680,0,0
29,Under 30,female single,unemployed,100<=X<500,46,14040,0,1
30,30-39,male single,>=7,100<=X<500,57,12253,1,1
23,Under 30,male div/sep,4<=X<7,500<=X<1000,22,9184,1,1
26,Under 30,male div/sep,4<=X<7,100<=X<500,10,10650,1,0
63,50+,male div/sep,unemployed,<100,34,4037,0,0
39,30-39,male single,>=7,100<=X<500,24,1225,1,1
72,50+,male mar/wid,unemployed,100<=X<500,31,9542,0,1
20,Under 30,female div/dep/mar,<1,<100,49,11588,0,0
43,40-49,female single,>=7,100<=X<500,30,8093,1,1
51,50+,female div/dep/mar,>=7,<100,23,5028,1,0
73,50+,female single,1<=X<4,100<=X<500,44,861,0,0
21,Under 30,male single,4<=X<7,no known savings,46,13816,0,0
19,Under 30,female single,<1,<100,35,1794,0,0
53,50+,male div/sep,<1,<100,63,5357,0,0
30,30-39,female single,4<=X<7,100<=X<500,40,1458,1,1
54,50+,female single,>=7,no known savings,56,7260,0,0
26,Under 30,male single,>=7,500<=X<1000,59,14477,1,1
25,Under 30,male div/sep,1<=X<4,500<=X<1000,52,1115,1,1
67,50+,male mar/wid,4<=X<7,500<=X<1000,50,1054,1,1
50,50+,male div/sep,1<=X<4,>=1000,58,967,1,1
47,40-49,male mar/wid,<1,100<=X<500,71,3175,0,0
50,50+,male single,<1,>=1000,69,12744,0,0
34,30-39,female div/dep/mar,>=7,no known savings,49,12630,0,0
52,50+,male single,4<=X<7,100<=X<500,53,11159,0,0
71,50+,male single,<1,100<=X<500,44,14269,0,0
41,40-49,male single,unemployed,<100,70,8674,0,0
62,50+,male single,1<=X<4,<100,42,7253,0,0
65,50+,male single,unemployed,>=1000,22,5855,0,0
39,30-39,female single,<1,500<=X<1000,16,13197,0,0
21,Under 30,male single,1<=X<4,>=1000,16,2227,1,1
68,50+,male mar/wid,1<=X<4,<100,59,8958,0,0
71,50+,female single,>=7,>=1000,71,7047,1,1
26,Under 30,male div/sep,1<=X<4,100<=X<500,13,12780,0,0
69,50+,male div/sep,1<=X<4,500<=X<1000,19,6676,1,1
20,Under 30,male mar/wid,4<=X<7,no known savings,51,10599,0,0
33,30-39,female div/dep/mar,1<=X<4,500<=X<1000,21,4089,1,1
70,50+,male single,1<=X<4,<100,38,11765,0,0
55,50+,female single,>=7,100<=X<500,11,7266,1,1
65,50+,female div/dep/mar,<1,<100,57,5219,0,0
